<?xml version="1.0" encoding="UTF-8"?>
<project-private xmlns="http://www.netbeans.org/ns/project-private/1">
    <editor-bookmarks xmlns="http://www.netbeans.org/ns/editor-bookmarks/2" lastBookmarkId="0"/>
    <open-files xmlns="http://www.netbeans.org/ns/projectui-open-files/2">
        <group>
            <file>file:/Users/thoma/Desktop/Airlines%20Reservation%20System/src/airlines/reservation/system/Ticket.java</file>
            <file>file:/Users/thoma/Desktop/Airlines%20Reservation%20System/src/airlines/reservation/system/UserInput.java</file>
            <file>file:/Users/thoma/Desktop/Airlines%20Reservation%20System/src/airlines/reservation/system/Iaccount.java</file>
            <file>file:/Users/thoma/Desktop/Airlines%20Reservation%20System/src/airlines/reservation/system/Transactions.java</file>
            <file>file:/Users/thoma/Desktop/Airlines%20Reservation%20System/src/airlines/reservation/system/AirlinesReservationSystem.java</file>
            <file>file:/Users/thoma/Desktop/Airlines%20Reservation%20System/src/airlines/reservation/system/Admin.java</file>
            <file>file:/Users/thoma/Desktop/Airlines%20Reservation%20System/src/airlines/reservation/system/Account.java</file>
            <file>file:/Users/thoma/Desktop/Airlines%20Reservation%20System/src/airlines/reservation/system/Plane.java</file>
            <file>file:/Users/thoma/Desktop/Airlines%20Reservation%20System/src/airlines/reservation/system/Aadmin.java</file>
        </group>
    </open-files>
</project-private>
